order	type	canonical_id	start	end	filename	slug	scene_id	policy	status
1	expression	001	00:00:59.120	00:02:11.350	S05E11-001-expression-impeachment-panel.mp3	impeachment-panel	SC01	daily	Human-text-reviewed;Timeline-aligned;audio-not-confirmed
2	expression	002	00:03:53.650	00:04:54.430	S05E11-002-expression-censure-not-impeachment.mp3	censure-not-impeachment	SC02	daily	Human-text-reviewed;Timeline-aligned;audio-not-confirmed
3	expression	003	00:05:05.650	00:06:24.830	S05E11-003-expression-exit-for-cathy.mp3	exit-for-cathy	SC03	daily	Human-text-reviewed;Timeline-aligned;audio-not-confirmed
4	expression	004	00:06:32.430	00:07:15.250	S05E11-004-expression-fate-of-my-presidency.mp3	fate-of-my-presidency	SC04	daily	Human-text-reviewed;Timeline-aligned;audio-not-confirmed
5	expression	006	00:08:33.980	00:09:13.740	S05E11-006-expression-legacy-and-infamy.mp3	legacy-and-infamy	SC06	daily	Human-text-reviewed;Timeline-aligned;audio-not-confirmed
6	expression	007	00:09:56.320	00:10:14.470	S05E11-007-expression-always-known-you-were-there.mp3	always-known-you-were-there	SC06	daily	Human-text-reviewed;Timeline-aligned;audio-not-confirmed
7	expression	011	00:13:03.490	00:13:47.110	S05E11-011-expression-officially-independent.mp3	officially-independent	SC10	daily	Human-text-reviewed;Timeline-aligned;audio-not-confirmed
8	expression	012	00:13:53.190	00:14:32.120	S05E11-012-expression-cannot-confirm-story.mp3	cannot-confirm-story	SC11	daily	Human-text-reviewed;Timeline-aligned;audio-not-confirmed
9	expression	015	00:16:03.260	00:16:48.820	S05E11-015-expression-shit-hitting-fan.mp3	shit-hitting-fan	SC14	daily	Human-text-reviewed;Timeline-aligned;audio-not-confirmed
10	expression	016	00:16:55.230	00:17:53.880	S05E11-016-expression-monitor-everyone.mp3	monitor-everyone	SC15	daily	Human-text-reviewed;Timeline-aligned;audio-not-confirmed
11	expression	019	00:19:07.070	00:19:57.630	S05E11-019-expression-missing-gun.mp3	missing-gun	SC18	daily	Human-text-reviewed;Timeline-aligned;audio-not-confirmed
12	expression	020	00:20:11.820	00:21:07.510	S05E11-020-expression-protect-claire.mp3	protect-claire	SC19	daily	Human-text-reviewed;Timeline-aligned;audio-not-confirmed
13	expression	022	00:21:49.420	00:23:22.440	S05E11-022-expression-turn-off-like-that.mp3	turn-off-like-that	SC21	daily	Human-text-reviewed;Timeline-aligned;audio-not-confirmed
14	expression	023	00:23:43.840	00:25:27.230	S05E11-023-expression-madmen-leading-blind.mp3	madmen-leading-blind	SC22	daily	Human-text-reviewed;Timeline-aligned;audio-not-confirmed
15	expression	029	00:29:52.540	00:30:37.290	S05E11-029-expression-liability-for-president.mp3	liability-for-president	SC28	daily	Human-text-reviewed;Timeline-aligned;audio-not-confirmed
16	expression	030	00:30:50.740	00:31:20.210	S05E11-030-expression-on-the-record.mp3	on-the-record	SC29	daily	Human-text-reviewed;Timeline-aligned;audio-not-confirmed
17	expression	031	00:31:55.090	00:33:19.450	S05E11-031-expression-because-i-hate-you.mp3	because-i-hate-you	SC30	daily	Human-text-reviewed;Timeline-aligned;audio-not-confirmed
18	expression	032	00:33:57.910	00:36:03.890	S05E11-032-expression-watching-leann.mp3	watching-leann	SC31	daily	Human-text-reviewed;Timeline-aligned;audio-not-confirmed
19	expression	034	00:37:22.040	00:38:25.140	S05E11-034-expression-armed-to-walk-away.mp3	armed-to-walk-away	SC33	daily	Human-text-reviewed;Timeline-aligned;audio-not-confirmed
20	expression	036	00:38:57.050	00:39:05.790	S05E11-036-expression-where-is-my-wife.mp3	where-is-my-wife	SC34	daily	Human-text-reviewed;Timeline-aligned;audio-not-confirmed
21	expression	037	00:40:19.940	00:41:05.870	S05E11-037-expression-source-deep-within.mp3	source-deep-within	SC35	daily	Human-text-reviewed;Timeline-aligned;audio-not-confirmed
22	expression	038	00:41:23.900	00:42:28.870	S05E11-038-expression-create-paper-trail.mp3	create-paper-trail	SC35	daily	Human-text-reviewed;Timeline-aligned;audio-not-confirmed
23	expression	041	00:43:53.360	00:45:10.580	S05E11-041-expression-protect-vice-president.mp3	protect-vice-president	SC38	daily	Human-text-reviewed;Timeline-aligned;audio-not-confirmed
24	expression	042	00:45:22.740	00:47:16.080	S05E11-042-expression-you-saved-my-life.mp3	you-saved-my-life	SC39	daily	Human-text-reviewed;Timeline-aligned;audio-not-confirmed
25	expression	043	00:47:33.370	00:48:00.040	S05E11-043-expression-was-not-in-room.mp3	was-not-in-room	SC40	daily	Human-text-reviewed;Timeline-aligned;audio-not-confirmed
26	expression	044	00:48:10.950	00:48:51.910	S05E11-044-expression-cathy-will-testify.mp3	cathy-will-testify	SC41	daily	Human-text-reviewed;Timeline-aligned;audio-not-confirmed
27	context	007	00:08:33.980	00:10:14.470	S05E11-007-context-run-and-aside-context.mp3	run-and-aside-context	SC06	daily	Human-text-reviewed;Timeline-aligned;audio-not-confirmed
28	context	036	00:38:35.980	00:39:05.790	S05E11-036-context-missing-wife-context.mp3	missing-wife-context	SC34	daily	Human-text-reviewed;Timeline-aligned;audio-not-confirmed
29	context	044	00:47:33.370	00:48:51.910	S05E11-044-context-rehearsal-and-testimony-context.mp3	rehearsal-and-testimony-context	SC41	daily	Human-text-reviewed;Timeline-aligned;audio-not-confirmed
