id	quote	chinese	speaker_scene	reason	level	unit	tags	usage	score	primary_type	primary_start	primary_end	primary_slug	context_start	context_end	context_slug	selected_tier	include_context	source_status	scene_id	audio_policy	active_candidate	daily_candidate	source_cue_id
001	It's over, and he must know it. Okay. So he withdraws. We need to replace him.	事情已经结束了 他一定知道 好吧 那他退出 我们得找人替代他	Frank; Walker; opening replacement discussion	A compact diagnosis-to-next-step exchange: read the political failure, accept withdrawal, and name the immediate staffing problem.	Core	Exchange	Politics;Decisions;Staffing	Transfer	9	expression	00:01:37.570	00:02:00.930	its-over-replace-him	00:01:33.890	00:02:17.780	opening-replacement-context	A-Core	true	Human-text-reviewed;Timeline-aligned;audio-not-confirmed	SC01	daily	true	true	E0003–E0013
002	I sympathize with the kid, but this was my concern from the beginning. And I should've listened to you, sir. I thought he could handle the pressure.	我同情那孩子 但这正是我一开始担心的 我本该听你的 先生 我以为他能应付压力	Frank; Walker; opening replacement discussion	A reusable way to acknowledge sympathy, name a concern, and admit that an earlier judgment was wrong.	Core	Exchange	Empathy;Concerns;Accountability	Transfer	9	expression	00:01:49.460	00:01:56.560	sympathy-and-concern				A-Core	false	Human-text-reviewed;Timeline-aligned;audio-not-confirmed	SC01	daily	true	true	E0008–E0011
003	If the President hadn't shut me out of the early discussions, I could've come up with some good options, but I don't know anyone who's got the name recognition and donor base to start a campaign from scratch just seven weeks out.	要是总统没有把我排除在早期讨论之外 我本来能想出几个好办法 但我不知道还有谁能凭知名度和捐款人基础 在只剩七周时重新开始竞选	Frank; Walker; opening replacement discussion	A clear explanation of a constrained option set: lost preparation time, limited candidates, and a hard deadline.	Core	Speech	Politics;Constraints;Deadlines	Transfer	9	expression	00:02:07.220	00:02:17.780	campaign-from-scratch				A-Core	false	Human-text-reviewed;Timeline-aligned;audio-not-confirmed	SC01	daily	true	true	E0016–E0020
004	Everything hinges on the next few minutes... all my months of planning, every move I've made.	一切都取决于接下来的几分钟 我几个月的计划 我走的每一步	Frank; Walker; opening replacement discussion	A concise pressure statement that makes the stakes of an imminent decision explicit.	Signature	Chunk	Planning;Stakes;Pressure	Understand-only	8	expression	00:02:22.740	00:02:28.940	everything-hinges				B-Classic	false	Human-text-reviewed;Timeline-aligned;audio-not-confirmed	SC01	on-demand	true	false	E0022–E0023
005	There is one person. You, Mr. Vice President. If you ran to reclaim your seat, I think you'd win by a landslide. Resign the vice presidency. Only if you win.	有一个人 你 副总统先生 如果你竞选夺回席位 我觉得你会大获全胜 辞去副总统 只有赢了才辞	Frank; Vice President; opening replacement discussion	A persuasive proposal progresses from candidate reveal to predicted outcome and a conditional commitment.	Signature	Exchange	Persuasion;Elections;Conditions	Understand-only	9	expression	00:02:32.370	00:02:48.880	one-person-landslide				B-Classic	false	Human-text-reviewed;Timeline-aligned;audio-not-confirmed	SC01	on-demand	true	false	E0024–E0029
006	If you ran to reclaim your seat, I think you'd win by a landslide.	如果你竞选夺回席位 我觉得你会大获全胜	Frank; Vice President; opening replacement discussion	A short, vivid prediction useful for discussing an expected decisive win.	Core	Chunk	Elections;Predictions;Emphasis	Transfer	8	expression	00:02:41.340	00:02:45.330	win-by-a-landslide				A-Core	false	Human-text-reviewed;Timeline-aligned;audio-not-confirmed	SC01	daily	true	true	E0026–E0027
007	Are you entirely certain he's gonna keep you on the ticket? I mean, it's no secret the two of you don't exactly get along.	你完全确定他会让你留在竞选搭档里吗 你们俩关系不太好 这不是什么秘密	Frank; Vice President; opening replacement discussion	A tactful but direct way to question an assumption and surface a known relationship problem.	Core	Exchange	Questions;Politics;Relationships	Transfer	9	expression	00:02:52.980	00:03:00.450	no-secret-dont-get-along				A-Core	false	Human-text-reviewed;Timeline-aligned;audio-not-confirmed	SC01	daily	true	true	E0031–E0032
008	What has he said? Oh, you're putting me in a very awkward position, Mr. Vice President. Has he been bad-mouthing me? Well, the exact phrase he used was... "Pain in the ass."	他说了什么 哦 你让我处于非常尴尬的境地 副总统先生 他有没有说我的坏话 他用的原话是 讨厌鬼	Frank; Vice President; opening replacement discussion	A staged reveal of uncomfortable information, ending with a memorable quoted phrase.	Signature	Exchange	Indirect-Speech;Difficult-Conversations;Idioms	Understand-only	9	expression	00:03:01.970	00:03:16.750	pain-in-the-ass				B-Classic	false	Human-text-reviewed;Timeline-aligned;audio-not-confirmed	SC01	on-demand	true	false	E0033–E0037
009	Look, let me talk to Garrett. I won't mention that we've spoken. I suppose there's no harm in finding out what he thinks.	让我和加勒特谈谈 我不会提到我们谈过 我想问问他的想法也没什么坏处	Frank; Vice President; opening replacement discussion	A low-commitment next step that protects confidentiality while testing the decision-maker's view.	Core	Exchange	Confidentiality;Next-Steps;Diplomacy	Transfer	9	expression	00:04:26.860	00:04:36.440	find-out-what-he-thinks				A-Core	false	Human-text-reviewed;Timeline-aligned;audio-not-confirmed	SC01	daily	true	true	E0061–E0063
010	On the train ride down, I almost called the police to have them break in and make sure you hadn't hurt yourself. I'm not gonna even ask you what happened. It doesn't matter right now.	在火车上 我差点叫警察破门而入 确认你没有伤害自己 我现在甚至不问发生了什么 现在那不重要	Frank; Peter; campaign headquarters	A concerned check-in that prioritizes immediate safety over reconstructing the backstory.	Core	Exchange	Concern;Safety;Priorities	Transfer	9	expression	00:05:05.490	00:05:14.630	it-doesnt-matter-right-now				A-Core	false	Human-text-reviewed;Timeline-aligned;audio-not-confirmed	SC02	daily	true	true	E0075–E0079
011	What matters is the 50 reporters in front of your building and the 150 campaign staffers who don't know if they still have a job. It's over.	重要的是你楼前的50名记者 以及不知道自己是否还有工作的150名竞选工作人员 事情结束了	Frank; Peter; campaign headquarters	A firm reframing from private despair to the people and obligations affected by the campaign.	Core	Speech	Leadership;Consequences;Campaign	Transfer	9	expression	00:05:34.920	00:05:42.890	what-matters-is				A-Core	false	Human-text-reviewed;Timeline-aligned;audio-not-confirmed	SC02	daily	true	true	E0085–E0088
012	What, are you just gonna hole yourself up in here and hope it all goes away? Yeah, that's pretty much the plan. Well, I won't let you.	你难道要把自己关在这里 希望一切自行消失吗 对 这大概就是我的计划 我不会让你这么做	Frank; Peter; campaign headquarters	A confrontation moves from a defensive plan to a clear refusal to permit avoidance.	Core	Exchange	Boundaries;Avoidance;Confrontation	Transfer	9	expression	00:06:03.770	00:06:09.170	hole-yourself-up				A-Core	false	Human-text-reviewed;Timeline-aligned;audio-not-confirmed	SC02	daily	true	true	E0091–E0094
013	We need to put out a statement. Call me when you're prepared to do that. I'll be at the headquarters in Philly.	我们需要发表声明 你准备好后给我打电话 我会在费城总部	Frank; Peter; campaign headquarters	A practical close that sets the required action, readiness condition, and location.	Core	Chunk	Statements;Deadlines;Coordination	Transfer	8	expression	00:06:32.280	00:06:41.640	put-out-a-statement				A-Core	false	Human-text-reviewed;Timeline-aligned;audio-not-confirmed	SC02	daily	true	true	E0097–E0099
014	I was scared that I was starting to feel too much for you. I think that's why I ended it. And you have no room for fear? No. Being afraid doesn't accomplish anything.	我害怕自己开始对你产生太多感情 我想这就是我结束关系的原因 你没有恐惧的余地吗 没有 害怕什么也改变不了	Claire; Adam; private conversation	An honest relationship exchange contrasts emotional fear with a practiced rational rule.	Core	Exchange	Feelings;Boundaries;Rationality	Transfer	9	expression	00:06:47.230	00:07:07.490	fear-doesnt-accomplish				A-Core	false	Human-text-reviewed;Timeline-aligned;audio-not-confirmed	SC03	daily	true	true	E0100–E0106
015	When I'm overseas, rational fear... disease or violence... that sort of fear keeps you alive. But I find myself afraid of things that are far less rational, like whether my life will add up.	我在海外时 理性的恐惧 疾病或暴力 这类恐惧能让你活下来 但我发现自己害怕的事远不理性 比如我的人生是否有意义	Adam; Claire; private conversation	A reflective distinction between useful situational fear and existential uncertainty.	Signature	Speech	Reflection;Fear;Meaning	Understand-only	9	expression	00:07:00.940	00:07:28.440	rational-and-irrational-fear				B-Classic	false	Human-text-reviewed;Timeline-aligned;audio-not-confirmed	SC03	on-demand	true	false	E0104–E0113
016	If he's looking for you, that's where you are. Over there. Before you met Frank. Alone. Curious. Absorbing everything. You have no idea what I was like when I was a girl.	如果他在寻找你 你就在那儿 那边 在你遇到弗兰克之前 独自一人 好奇 吸收一切 你根本不知道我小时候是什么样	Adam; Claire; private conversation	A compact portrait of a person before a relationship, built from short descriptive fragments.	Signature	Narrative	Identity;Description;Relationships	Understand-only	8	expression	00:07:54.410	00:08:11.080	before-you-met-frank				B-Classic	false	Human-text-reviewed;Timeline-aligned;audio-not-confirmed	SC03	on-demand	true	false	E0118–E0124
017	Being more than an observer. You wanted to be seen. Not just seen. I wanted to be significant.	不只是旁观者 你想被看见 不只是被看见 我想变得举足轻重	Adam; Claire; private conversation	A concise progression from observing, to recognition, to significance.	Core	Exchange	Identity;Ambition;Emphasis	Transfer	9	expression	00:08:25.520	00:08:34.340	wanted-to-be-significant				A-Core	false	Human-text-reviewed;Timeline-aligned;audio-not-confirmed	SC03	daily	true	true	E0129–E0132
018	There's no historical precedent. Aaron Burr ran for Governor, Calhoun for the Senate. 200 years ago. One shot a man in a duel, the other believed in slavery.	没有历史先例 亚伦·伯尔竞选州长 卡尔霍恩竞选参议员 那是两百年前 一个在决斗中开枪杀人 另一个相信奴隶制	Frank; President; Oval Office	A skeptical objection uses historical examples to challenge an unprecedented political move.	Signature	Exchange	History;Objections;Politics	Understand-only	9	expression	00:08:42.590	00:08:53.090	no-historical-precedent				B-Classic	false	Human-text-reviewed;Timeline-aligned;audio-not-confirmed	SC04	on-demand	true	false	E0133–E0138
019	Mr. President, we stand losing control of an important swing state, our majority in the house, and quite possibly your second term in office. Preventing all of that may require unconventional measures.	总统先生 我们正失去一个重要摇摆州的控制权 失去众议院多数席位 甚至可能失去您的第二任期 防止这一切可能需要非常规手段	Frank; President; Oval Office	A high-stakes diagnosis enumerates losses before introducing an unconventional remedy.	Core	Speech	Politics;Risk;Persuasion	Understand-only	9	expression	00:08:53.090	00:09:03.290	unconventional-measures				A-Core	false	Human-text-reviewed;Timeline-aligned;audio-not-confirmed	SC04	daily	true	true	E0139–E0143
020	It would look like I'm pushing him out. Or worse... that he's abandoning the administration. You make a joint statement. No one could accuse either of you of disloyalty to the other.	看起来像是我在逼他离开 或更糟 看起来像他抛弃了本届政府 你们发表联合声明 谁也不能指责你们互不忠诚	Frank; President; Oval Office	A proposal anticipates reputational risks and answers them with a shared public statement.	Core	Exchange	Messaging;Risk;Disloyalty	Transfer	9	expression	00:09:03.290	00:09:20.190	joint-statement-no-disloyalty				A-Core	false	Human-text-reviewed;Timeline-aligned;audio-not-confirmed	SC04	daily	true	true	E0143–E0149
021	I take full responsibility for backing Russo, but there could be a silver lining in all this. You could accomplish two goals: secure Pennsylvania for the Democrats and find an honorable way to replace Matthews.	我完全负责支持罗素 但这一切也可能有一线希望 你可以实现两个目标 为民主党赢下宾夕法尼亚 并找到体面替换马修斯的方法	Frank; President; Oval Office	A setback is reframed as two concrete strategic goals, preserving agency and a sense of honor.	Core	Speech	Reframing;Goals;Politics	Transfer	10	expression	00:10:06.110	00:10:20.580	silver-lining-two-goals				A-Core	false	Human-text-reviewed;Timeline-aligned;audio-not-confirmed	SC04	daily	true	true	E0169–E0174
022	I think it is a very big decision, and we do not want to make it impulsively. I agree. I'd like to put some more thought into it. Well, that is very prudent, sir. Just bear in mind, seven weeks out, that every day counts.	我觉得这是个非常重大的决定 我们不想冲动行事 我同意 我想再多考虑一下 这非常谨慎 先生 但请记住 距离选举只有七周 每一天都很重要	Frank; President; Oval Office	A measured decision exchange balances caution with the urgency of a fixed electoral clock.	Signature	Exchange	Decisions;Caution;Deadlines	Transfer	10	expression	00:10:23.930	00:10:34.530	every-day-counts				B-Classic	false	Human-text-reviewed;Timeline-aligned;audio-not-confirmed	SC04	on-demand	true	false	E0176–E0180
023	Yeah. Don't tell anyone, all right? No. I... I never say anything about our tenants. The press still outside? Few, though.	别告诉任何人 好吗 不 我从来不向别人说租户的事 记者还在外面吗 还有几个	Doorman; Frank; apartment building	A small trust exchange establishes discretion and checks the immediate external situation.	Core	Exchange	Discretion;Trust;Situations	Transfer	8	expression	00:11:01.680	00:11:16.130	dont-tell-anyone				A-Core	false	Human-text-reviewed;Timeline-aligned;audio-not-confirmed	SC05	daily	true	true	E0184–E0188
024	If I wanted to leave, is there a place I could do it without being seen? Yeah. The freight elevator down to the garage.	如果我想离开 有什么地方能不被人看见吗 有 货运电梯通往车库	Frank; Doorman; apartment building	A discreet logistics question receives a direct, practical route.	Core	Exchange	Logistics;Privacy;Questions	Transfer	8	expression	00:11:16.460	00:11:21.590	freight-elevator-to-garage				A-Core	false	Human-text-reviewed;Timeline-aligned;audio-not-confirmed	SC05	daily	true	true	E0189–E0191
025	Mr. Russo, uh... sir, it's none of my business,but, uh, my uncle... he fell off the wagon a few times. When he did, the best thing for him was just not to be alone. I'll give you this money back, I'll take that bag off your hands, come in here, keep you company... I appreciate it. I'll let you know if I change my mind.	罗素先生 先生 这不关我的事 不过 我叔叔也曾经酒瘾复发过 那时候最好的解决办法就是找个人陪着 我把钱还你 把酒拿走 进去陪陪你 谢谢你 如果我改变主意会叫你的	Frank; Peter; apartment building	A personal example turns abstract reassurance into a concrete offer of company and a respectful fallback.	Signature	Speech	Support;Recovery;Empathy	Understand-only	9	expression	00:11:27.700	00:11:43.090	not-alone-in-this				B-Classic	false	Human-text-reviewed;Timeline-aligned;audio-not-confirmed	SC05	on-demand	true	false	E0195–E0200
026	So what is this, tying up loose ends? I wouldn't presume. People like you can't be neatly tied up. But I thought perhaps we could start...	所以这是在收拾残局吗 我不敢这么想 像你这样的人不是那么容易摆脱的 但我想我们也许可以开始	Adam; Claire; private conversation	A playful challenge rejects a tidy interpretation and protects ambiguity before an unfinished proposal.	Core	Exchange	Ambiguity;Relationships;Idioms	Transfer	8	expression	00:13:43.970	00:13:54.920	tied-up-loose-ends				A-Core	false	Human-text-reviewed;Timeline-aligned;audio-not-confirmed	SC06	daily	true	true	E0204–E0207
027	I never photograph anyone without knowing their name. You didn't take the photograph. I did.	我拍照一定要知道对方的名字 不是你拍的 我拍的	Adam; Claire; private conversation	A precise statement of a personal practice is answered with a pointed correction.	Core	Exchange	Boundaries;Corrections;Photography	Transfer	8	expression	00:15:59.780	00:16:04.850	without-knowing-their-name				A-Core	false	Human-text-reviewed;Timeline-aligned;audio-not-confirmed	SC06	daily	true	true	E0217–E0218
028	Can we please not discuss Francis? You brought him up in the park. I know I did, and I shouldn't have. So we have to pretend he doesn't exist? I thought we could talk about anything. He is a presence here. You must admit that.	我们能不能别提弗兰西斯 你在公园里先提起他的 我知道 我不该提 那我们得假装他不存在吗 我以为我们可以无话不谈 他其实就在这儿 你得承认这点	Adam; Claire; private conversation	A boundary attempt is met by naming the person’s continuing presence rather than pretending it away.	Signature	Exchange	Boundaries;Presence;Relationships	Understand-only	9	expression	00:16:28.090	00:16:53.790	pretend-he-doesnt-exist				B-Classic	false	Human-text-reviewed;Timeline-aligned;audio-not-confirmed	SC06	on-demand	true	false	E0225–E0230
029	I think I'll keep it. I'll buy you one of your own, if you'd like. No. I want this one. She came into my bedroom. She should know I came into hers. Is your bed always so perfectly made? It's a habit I formed at military school.	我要了 如果你愿意的话 我可以为你买件一样 不用 我就要这件 她去过我卧室 她该知道我也来过她卧室 你们的床总是铺得这么整齐吗 这是我在军校养成的习惯	Adam; Claire; private conversation	A scene shifts from an object and private space to a revealing personal habit.	Core	Exchange	Habits;Personal-Space;Conversation	Transfer	8	expression	00:17:36.940	00:18:00.560	military-school-habit				A-Core	false	Human-text-reviewed;Timeline-aligned;audio-not-confirmed	SC06	daily	true	true	E0241–E0247
030	Listen, Zoe... Whatever just happened upstairs, whatever these past six months have been, can we agree that it is time to simplify? What does simple look like? We maintain our professional arrangement, as you suggested, which I will honor. You still trust me? What choice do I have? You didn't hurt me or discard me like you said you would. I'm glad I didn't have to. Yes, we'll agree to simplify.	听着 佐伊 不论是刚才楼上的事 还是这过去六个月的事 现在是不是该简化这段关系了 怎么个简化法 像你之前说的那样 维持公事往来 我会尊重你的决定 你还信任我吗 我还能怎么办 你没像你说的那样伤害我或者遗弃我 我很庆幸没这必要 那好 我们可以简化	Frank; Zoe; private conversation	A complete renegotiation names the history, proposes a professional boundary, tests trust, and reaches agreement.	Signature	Exchange	Boundaries;Negotiation;Trust	Understand-only	10	expression	00:19:16.650	00:20:02.160	simplify-the-relationship				B-Classic	false	Human-text-reviewed;Timeline-aligned;audio-not-confirmed	SC06	on-demand	true	false	E0252–E0263
031	I have a pretty good idea why you asked for this meeting. Have you and the President had a chance to speak? We have. Is he leaning one way or another? He's torn. And what about you? I'm a little less torn. My instincts tell me it's a mistake.	我大概知道你为什么约这次会面 你和总统谈过了吗 谈过了 他倾向哪一边 他很犹豫 那你呢 我没那么犹豫 我的直觉告诉我这是个错误	Frank; Linda; office meeting	A complete meeting opening establishes purpose, current decision status, and a candid initial position.	Core	Exchange	Meetings;Positions;Candor	Transfer	10	context	00:20:40.620	00:20:55.520	meeting-opening	00:20:40.620	00:21:11.080	meeting-context	A-Core	true	Human-text-reviewed;Timeline-aligned;audio-not-confirmed	SC07	daily	true	true	E0267–E0271
032	Do you want the Vice Presidency for yourself? I would serve at the pleasure of the President. That was his... You proposed this idea so that you can take Matthews' place. I did not say that. But it is what you want.	你是不是自己想当副总统 如果总统愿意委任于我 那是他 你提出这个建议就是为取代马修斯 我可没说过 但这是你想要的	Linda; Frank; office meeting	A direct challenge forces an unstated ambition into the open.	Signature	Exchange	Ambition;Direct-Questions;Politics	Understand-only	9	expression	00:21:28.650	00:21:41.430	want-the-vice-presidency				B-Classic	false	Human-text-reviewed;Timeline-aligned;audio-not-confirmed	SC07	on-demand	true	false	E0285–E0288
033	What I want is in the... The President makes you V.P., he keeps you on the ticket in 2016, and you use that as a springboard to run in 2020. Tell me that trajectory has never entered your mind. Well, Linda, I make a habit of considering all trajectories in any given situation. But that's a practical exercise, not a personal one.	我想要的是 总统任命你为副总统 他让你留在2016年的竞选搭档中 你以此为跳板在2020年参选 告诉我你从没想过这条路线 林达 我习惯于考虑任何情况下的所有路线 但那是实际推演 不是个人欲望	Linda; Frank; office meeting	A sophisticated answer separates scenario analysis from personal desire without denying strategic thinking.	Signature	Exchange	Ambition;Scenarios;Evasion	Understand-only	10	expression	00:21:41.430	00:22:00.310	all-trajectories-practical				B-Classic	false	Human-text-reviewed;Timeline-aligned;audio-not-confirmed	SC07	on-demand	true	false	E0289–E0295
034	I must gamble everything I have right now. If I'm honest, she may use it against me. If I'm not, she won't lift a finger. I've used the same tactic myself. Once someone is exposed, they're at your mercy. She wants to hear me say the words.	现在我得赌上一切了 如果我说实话 可能会落人口实 如果不说 她又不会帮我 我自己也用过这策略 一个人的目的 一旦暴露 他们就得听你发落 她想要我亲口说出来	Frank; direct-to-camera aside; office meeting	A complete Frank aside makes the tactical dilemma explicit: honesty risks leverage, evasion blocks help.	Signature	Aside	Frank-Aside;Power;Tactics	Shadow-only	10	frank-aside	00:22:24.580	00:22:43.200	gamble-everything				B-Classic	false	Human-text-reviewed;Timeline-aligned;audio-not-confirmed	SC07	on-demand	true	false	E0304–E0310
035	I want to be the Vice President. And, yes, I helped your son get into college in the hopes that you would return the favor. But I can't force you to do so, Linda.	我想当副总统 没错 我帮你儿子进大学 是希望你能投桃报李 但我不能强迫你这么做 林达	Frank; Linda; office meeting	A direct admission states the goal, the reciprocal favor, and the limit of control.	Signature	Exchange	Admissions;Favors;Limits	Understand-only	9	expression	00:22:49.000	00:23:02.690	want-to-be-vice-president				B-Classic	false	Human-text-reviewed;Timeline-aligned;audio-not-confirmed	SC07	on-demand	true	false	E0312–E0315
036	But I also think that we would make a formidable team. Look what we've been able to accomplish even when we've been at odds with each other. Now put your mind to what we could accomplish if we weren't.	但我也认为我们会组成一支强大的团队 看看即使互相对立 我们也能完成什么 现在想想如果我们不对立 能完成什么	Frank; Linda; office meeting	A persuasive close converts past conflict into evidence for future collaboration.	Core	Speech	Teamwork;Persuasion;Collaboration	Transfer	10	expression	00:23:09.840	00:23:22.120	formidable-team				A-Core	false	Human-text-reviewed;Timeline-aligned;audio-not-confirmed	SC07	daily	true	true	E0316–E0319
037	I'll call you back. How'd it go? She's holding her cards very close to the chest. Any word from Peter? Nothing. Christina said he wouldn't leave the apartment. But I called the doorman, and he said that Peter was gone. Where? He doesn't know. He needs to officially withdraw to put pressure on Walker. I'm trying to track him down.	我再打给你 怎么样了 她深藏不露啊 有彼得的消息吗 没有 克里斯蒂娜说他不肯离开公寓 但我打给门卫 他说彼得走了 去哪了 他不知道 他得正式退选给沃克施加压力 我正在找他	Doug; Frank; campaign coordination	A complete status update combines uncertainty, a necessary procedural step, and an active search.	Core	Exchange	Updates;Uncertainty;Coordination	Transfer	9	expression	00:23:34.400	00:23:50.610	track-peter-down				A-Core	false	Human-text-reviewed;Timeline-aligned;audio-not-confirmed	SC08	daily	true	true	E0321–E0328
038	Where? He doesn't know. He needs to officially withdraw to put pressure on Walker. I'm trying to track him down. Why'd you let him out of your sight in the first place? I thought he was showering. He disappeared when I was on the phone with you. There was a plan here, Doug. He explodes, he withdraws, we put him back together, and he quietly goes away.	去哪了 他不知道 他得正式退选给沃克施加压力 我正在找他 你为什么一开始不看好他 我以为他在洗澡 我和你打电话时他跑掉了 计划是这样的 道格 他搞砸了 然后退选 我们帮他振作起来 再让他悄悄离开	Doug; Frank; campaign coordination	A complete strategic exchange contrasts controlled disclosure with an uncontrolled reveal and a recovery plan.	Signature	Exchange	Strategy;Disclosure;Control	Understand-only	9	expression	00:23:45.250	00:24:01.360	explode-on-our-terms				B-Classic	false	Human-text-reviewed;Timeline-aligned;audio-not-confirmed	SC08	on-demand	true	false	E0326–E0334
039	I have a history with Francis, I have a future with him, and it's bigger than a moment.	我和弗兰西斯有过去 我和他有未来 而且那比一时冲动更重要	Adam; Claire; private conversation	A relationship boundary weighs history and future against a temporary event.	Recognition	Speech	Relationships;Boundaries;Metaphor	Understand-only	8	expression	00:26:31.790	00:26:37.850	bigger-than-a-moment				Recognition	false	Human-text-reviewed;Timeline-aligned;audio-not-confirmed	SC09	none	true	false	E0377–E0378
040	I want you to do something. I want you to go to, uh, your bedroom window and look out. You see that black car? Yeah. That's me. You shouldn't be here, dad. Mom would be really angry. Well, we don't need to tell her. Right? It'll just be... it'll just be, uh... it'll just be our little secret.	我想让你做件事 我想让你到卧室窗边往外看 看见那辆黑车了吗 嗯 我在里面 你不该在这儿的 爸爸 妈妈会发火的 我们不跟她说 好吗 就当作 我们之间的小秘密	Peter; Sarah; family home	A child-facing conversation turns a window check into secrecy and family tension.	Recognition	Exchange	Family;Secrets;Tension	Understand-only	8	expression	00:28:27.450	00:28:54.040	our-little-secret	00:27:24.890	00:29:25.880	peter-sarah-context	Recognition	true	Human-text-reviewed;Timeline-aligned;audio-not-confirmed	SC10	on-demand	true	false	E0399–E0406
041	It'll just be... it'll just be, uh... it'll just be our little secret. Your voice sounds weird, like it did on the radio. You... you heard that? I have a computer. I'm sorry. I...sometimes your dad makes mistakes.	就当作 就当作 我们之间的小秘密 你的声音很奇怪 就像在广播里那样 你听了那个 我有计算机 对不起 我 有时候爸爸也会犯错	Peter; Sarah; family home	A small exchange moves from secrecy to a child noticing distance, then an explicit apology.	Recognition	Exchange	Family;Apology;Distance	Understand-only	8	expression	00:28:49.870	00:29:16.850	voice-on-the-radio				Recognition	false	Human-text-reviewed;Timeline-aligned;audio-not-confirmed	SC10	none	true	false	E0405–E0412
042	I'm not... I'm not... I'm not doing so well. I need you to stay right there. Okay, Peter? You'll stay there?	我 我 我过得不太好 我需要你待在那里 好吗 彼得 你会待在那里吗	Christina; Peter; phone search	A distressed status report is followed by a concrete request to keep someone in place.	Core	Exchange	Distress;Requests;Coordination	Transfer	9	expression	00:30:02.680	00:30:27.640	stay-right-there				A-Core	false	Human-text-reviewed;Timeline-aligned;audio-not-confirmed	SC11	daily	true	true	E0421–E0430
043	I'd like to turn myself in. For what? A few months ago, I was pulled over for drunk driving. They let me go. I should've been convicted. Well, if you were let go, sir, we can't arrest you for it now. Well, I drunk drove here. Arrest me for that. We can put you in a detox tank... I wanna be formally arrested. My name is Congressman Peter Russo. I was arrested in January on Michigan Avenue.	我想自首 为了什么 几个月前我因酒驾被拦下 他们放我走了 我本该被定罪 如果他们放了你 先生 我们现在不能因此逮捕你 我酒驾来到了这里 为此逮捕我 我们可以把你送进戒毒室 我想正式被捕 我叫国会议员彼得·罗素 一月我在密歇根大道被捕	Peter; police; phone booth	A complete self-surrender statement moves from intent to an imperfect legal route, then states identity and prior arrest.	Signature	Speech	Confession;Identity;Phone-Calls	Understand-only	9	expression	00:31:09.160	00:31:48.210	turn-myself-in				B-Classic	false	Human-text-reviewed;Timeline-aligned;audio-not-confirmed	SC12	on-demand	true	false	E0435–E0446
044	Have you found him? I'm in front of his ex-wife's house. Christina said he called from there. He's not there? No. But his phone is. I found it by the curb. So we have no way to contact him? Not unless he reaches out to us. This isn't good. Want me to alert the authorities? Let's give him a little longer.	你找到他了吗 我在他前妻家外面 克里斯蒂娜说他在这儿打了电话 他不在那儿 是的 但手机在 扔在了路边 那么我们就联系不上他了 除非他主动联系我们 这不太妙 要我去报案吗 我们再给他点时间	Doug; Frank; coordination	A complete search update states location, failed contact, escalation option, and a measured next step.	Core	Exchange	Updates;Certainty;Coordination	Transfer	9	expression	00:33:02.680	00:33:21.010	search-update				A-Core	false	Human-text-reviewed;Timeline-aligned;audio-not-confirmed	SC13	daily	true	true	E0449–E0469
045	I never should've got mixed up with this fucking mess. We're way behind regret time, Barney. Just have your guys keep him out of sight. I'll need a back exit.	我根本不该卷进这场该死的混乱 我们早已过了后悔的时机 巴尼 让你的人把他藏起来 我需要一个后门	Adam; Lucas; parking garage	A plot-bound exchange moves from regret to concealment and an exit plan; retained for recognition only.	Recognition	Exchange	Regret;Concealment;Exits	Understand-only	7	expression	00:34:38.180	00:34:50.180	way-behind-regret-time				Recognition	false	Human-text-reviewed;Timeline-aligned;audio-not-confirmed	SC13	none	true	false	E0481–E0484
046	Just have your guys keep him out of sight. I'll need a back exit.	让你的人把他藏起来 我需要一个后门	Adam; Lucas; parking garage	A short logistics request is useful for recognition but depends on the sensitive surrounding plot.	Recognition	Chunk	Logistics;Concealment;Exits	Understand-only	7	expression	00:34:45.860	00:34:50.180	need-a-back-exit				Recognition	false	Human-text-reviewed;Timeline-aligned;audio-not-confirmed	SC13	none	true	false	E0483–E0484
047	What were you thinking, Peter? I need to take responsibility for my actions. By getting yourself thrown in jail? Real responsibility.	你在想什么 彼得 我要为自己的行为负责 把自己弄进监狱吗 真正的责任	Frank; Peter; apartment conversation	A confrontation distinguishes moral responsibility from a merely punitive gesture.	Core	Exchange	Responsibility;Confrontation;Clarification	Transfer	9	expression	00:35:51.310	00:36:01.780	real-responsibility				A-Core	false	Human-text-reviewed;Timeline-aligned;audio-not-confirmed	SC14	daily	true	true	E0493–E0496
048	Like... like they talk about in the meetings, not the lies we told for the campaign. What you just did was extremely reckless. I don't care.	像  像他们在互助会上说的那样 不是我们为竞选而撒的谎 你刚才做的事极其鲁莽 我不在乎	Peter; Frank; apartment conversation	A vulnerable appeal to meeting language is answered by naming the risk, even as Peter rejects the warning.	Signature	Exchange	Recovery;Risk;Meetings	Understand-only	9	expression	00:36:03.490	00:36:11.300	meetings-not-campaign-lies				B-Classic	false	Human-text-reviewed;Timeline-aligned;audio-not-confirmed	SC14	on-demand	true	false	E0497–E0500
049	That's not enough. I... I need to stop hiding. Well, let's work together on the language. I have to do it on my own. It's gotta be my own words.	那还不够 我 我需要停止躲藏 我们一起斟酌措辞吧 我必须自己来 必须用我自己的话	Peter; Frank; apartment conversation	A boundary around personal accountability rejects ghostwriting while keeping the statement discussion open.	Core	Exchange	Accountability;Writing;Boundaries	Transfer	10	expression	00:36:15.540	00:36:38.490	my-own-words				A-Core	false	Human-text-reviewed;Timeline-aligned;audio-not-confirmed	SC14	daily	true	true	E0501–E0506
050	You shouldn't be here, Dad. Mom would be really angry. Well, we don't need to tell her, right? It'll just be... our little secret.	你不该来这里 爸爸 妈妈会很生气 我们不用告诉她 对吧 这只是 我们的小秘密	Peter; Sarah; family home	A key family exchange is preserved with its full phone-scene context for listening continuity.	Recognition	Context	Family;Secrets;Listening-Context	Understand-only	8	context	00:28:27.450	00:28:54.040	our-little-secret	00:27:24.890	00:29:25.880	peter-sarah-context	Recognition	true	Human-text-reviewed;Timeline-aligned;audio-not-confirmed	SC10	on-demand	true	false	E0401–E0406
051	I'd like to turn myself in. I wanna be formally arrested. My name is Congressman Peter Russo.	我想自首 我要正式被捕 我叫国会议员彼得·罗素	Peter; police; phone booth	A short, direct surrender statement is clear enough for shadowing and recognition.	Core	Speech	Confession;Identity;Directness	Transfer	9	expression	00:31:09.160	00:31:43.480	turn-myself-in-short				A-Core	false	Human-text-reviewed;Timeline-aligned;audio-not-confirmed	SC12	daily	true	true	E0435–E0445
052	I need to take responsibility for my actions. By getting yourself thrown in jail? Real responsibility. Like... like they talk about in the meetings, not the lies we told for the campaign.	我要为自己的行为负责 把自己弄进监狱吗 真正的责任 像他们在互助会上说的那样 不是我们为竞选而撒的谎	Peter; Frank; apartment conversation	A repeated responsibility motif contrasts recovery language with campaign deception.	Signature	Exchange	Recovery;Responsibility;Contrast	Understand-only	9	expression	00:35:54.990	00:36:08.040	responsibility-not-lies				B-Classic	false	Human-text-reviewed;Timeline-aligned;audio-not-confirmed	SC14	on-demand	true	false	E0494–E0498
053	You can live your life the way you want to. I'm done being told how to live mine. Well, there has to be a way to take responsibility without shattering everything. Are you at least willing to have that discussion?	你可以按自己的方式生活 我受够了别人告诉我该怎么活 肯定有一种承担责任的方式 不必摧毁一切 你至少愿意讨论吗	Peter; Frank; apartment conversation	A firm autonomy claim is answered by searching for a responsible path that avoids total destruction.	Core	Exchange	Autonomy;Responsibility;Negotiation	Transfer	10	expression	00:36:54.690	00:37:13.880	without-shattering-everything				A-Core	false	Human-text-reviewed;Timeline-aligned;audio-not-confirmed	SC14	daily	true	true	E0511–E0515
054	I know you're in a lot of pain, Peter. But I don't want you to feel any pain tonight. Here. You can start fresh tomorrow. Go ahead. I won't judge you. Hell, I'll even join you.	我知道你很痛苦 彼得 但我不想让你今晚感到痛苦 给你 你明天可以重新开始 来吧 我不会评判你 见鬼 我甚至会陪你	Frank; Peter; apartment conversation	A compassionate offer names pain, removes judgment, and offers a fresh start with company.	Core	Speech	Comfort;Fresh-Start;Support	Transfer	10	expression	00:38:06.100	00:38:20.350	start-fresh-tomorrow				A-Core	false	Human-text-reviewed;Timeline-aligned;audio-not-confirmed	SC15	daily	true	true	E0517–E0520
055	Whatever it is you have to face tomorrow, you don't have to face it now. Right now it's just you and me. The rest of the world doesn't matter. Your children, Christina... they will forgive you, because you're loved, Peter.	不论你明天要面对什么 现在不用面对 现在只有你和我 世界其他地方都不重要 你的孩子 克里斯蒂娜 他们会原谅你 因为你被爱着 彼得	Frank; Peter; apartment conversation	A sustained reassurance narrows attention to the present and grounds forgiveness in existing love.	Signature	Speech	Comfort;Forgiveness;Presence	Understand-only	10	expression	00:38:38.140	00:39:03.310	youre-loved-peter				B-Classic	false	Human-text-reviewed;Timeline-aligned;audio-not-confirmed	SC15	on-demand	true	false	E0523–E0529
056	Failed. I failed myself. I failed my family. I failed the campaign. No, you haven't, Peter.	失败了 我让自己失望 让家人失望 让竞选失败 不 你没有 彼得	Peter; Frank; apartment conversation	A concise failure spiral receives an immediate, direct interruption.	Core	Exchange	Failure;Reassurance;Correction	Transfer	9	expression	00:39:05.390	00:39:23.020	failed-my-family				A-Core	false	Human-text-reviewed;Timeline-aligned;audio-not-confirmed	SC15	daily	true	true	E0530–E0534
057	Whatever happens in the next few hours, whatever you hear, we will never speak of it.	不论接下来几小时发生什么 不论你听到什么 我们永远不会提起	Frank; direct-to-camera aside; apartment conversation	A complete Frank aside seals a private pact after the immediate crisis, with no scene or character splice.	Signature	Aside	Frank-Aside;Secrecy;Pacts	Shadow-only	10	frank-aside	00:43:49.680	00:43:57.340	we-will-never-speak-of-it				B-Classic	false	Human-text-reviewed;Timeline-aligned;audio-not-confirmed	SC15	on-demand	true	false	E0559–E0561
058	You know, when Claire and I were first married, we talked about having children. I told her flat out I didn't want any. It was selfish but honest. I didn't have a particularly happy childhood. I suspect you didn't either. No. You see, no person avoids pain. And I just didn't think it was right to bring a child in knowing that. But now when I think back, I... I realize that was cowardly.	我跟克莱尔刚结婚时 也谈过要孩子的事 我直接说我不想要孩子 这很自私 却很诚实 我的童年并不幸福 我猜你也一样 是的 谁都避不开痛苦 既然是如此 我觉得就不该要孩子 但当我回想过去 才意识到这很懦弱	Frank; Peter; apartment conversation	A personal admission acknowledges a difficult childhood, explains a choice, and ends in self-criticism.	Recognition	Speech	Relationships;Limits;Regret	Understand-only	8	expression	00:39:44.170	00:40:17.750	put-life-on-hold				Recognition	false	Human-text-reviewed;Timeline-aligned;audio-not-confirmed	SC15	none	true	false	E0536–E0546
059	I see you, and I think, well, there's a brave man, far braver than me.	我看着你 我想 这是个勇敢的人 比我勇敢得多	Frank; Peter; apartment conversation	A brief recognition of someone else's courage exposes the speaker's own comparison.	Signature	Chunk	Courage;Comparison;Empathy	Understand-only	8	expression	00:40:21.360	00:40:27.220	far-braver-than-me				B-Classic	false	Human-text-reviewed;Timeline-aligned;audio-not-confirmed	SC15	on-demand	true	false	E0547–E0549
060	I'm so tired. When I... when I think about... when I... I'm so tired. You should close your eyes. Let it all go. We have all the time in the world.	我太累了 当我 当我想起 当我 我太累了 你应该闭上眼睛 放下一切 我们有的是时间	Frank; Peter; apartment conversation	A gentle close uses hesitation, short imperatives, and expansive reassurance to settle the scene.	Core	Chunk	Rest;Comfort;Reassurance	Transfer	9	expression	00:40:28.290	00:40:57.570	all-the-time-in-the-world				A-Core	false	Human-text-reviewed;Timeline-aligned;audio-not-confirmed	SC15	daily	true	true	E0550–E0555
061	Now, when you brought up this idea, I wasn't sold. It struck me as both desperate and careless. But then Linda laid out all the pros, and they clearly outweigh the cons. I explained our reasoning to Jim and hoped he wouldn't think I was off my rocker. I did at first, but the President made some very good arguments.	起初你提出这个想法时 我并不赞成 这让我觉得既绝望又草率 但后来林达列出了所有优点 明显利大于弊 我向吉姆解释了我们的理由 希望他不会觉得我疯了 一开始我确实这么想 但总统提出了很好的论据	President; Frank; office meeting	A decision update admits initial resistance, weighs pros and cons, and explains how evidence changed the position.	Core	Speech	Decisions;Tradeoffs;Persuasion	Transfer	10	expression	00:45:11.220	00:45:32.520	pros-outweigh-cons				A-Core	false	Human-text-reviewed;Timeline-aligned;audio-not-confirmed	SC16	daily	true	true	E0569–E0576
062	It's a bold move, Frank. I'm very impressed. Thank you, Mr. President. You took a risk in coming to me, and I'm willing to take a risk in return. We'll need to work this out step by step. The execution has to be perfect.	这是大胆的一步 弗兰克 我印象深刻 谢谢 总统先生 你冒险来找我 我也愿意冒险回报 我们得一步一步解决 执行必须完美	President; Frank; office meeting	A reciprocal-risk exchange moves from praise to a staged plan with a precise execution standard.	Signature	Speech	Risk;Execution;Planning	Transfer	10	expression	00:45:33.080	00:45:44.140	step-by-step-perfect				B-Classic	false	Human-text-reviewed;Timeline-aligned;audio-not-confirmed	SC16	on-demand	true	false	E0577–E0582
063	Where are things with Russo? Any word from him yet? We're still trying to locate him. Well, is there any cause for worry? It's been two days. I am a bit worried, I have to admit. I mean, this must be an extremely difficult moment for him. We're hoping he'll reach out shortly. Let's get our people on it. I wanna know where he is.	罗素那边怎么样了 有他的消息吗 我们还在找他 需要担心他吗 他失踪两天了 不得不承认 我有点担心 他现在肯定很难熬 希望他会尽快联系我们 派我们的人调查 我想知道他在哪	Frank; President; office meeting	A plan is checked against the unresolved person who could disrupt it, adding urgency before publicity does.	Core	Exchange	Risk;Contingency;Press	Transfer	9	expression	00:45:44.140	00:45:57.570	before-the-press-does				A-Core	false	Human-text-reviewed;Timeline-aligned;audio-not-confirmed	SC16	daily	true	true	E0583–E0589
064	Now, once he withdraws, we have to move quickly. We'll make a joint statement, as you proposed. It's a clear message, I think. Pennsylvanians matter to us, and we're not gonna let them down. That's right. I'll say that Jim's an invaluable asset to the White House, but that I have great admiration for the sacrifice he's willing to make for the people of his home state. And you should not accept his resignation until he's elected. That will show your continuing commitment to him. I think that's a good idea. As long as I can devote myself wholly to the campaign, I agree.	一旦他退出竞选 我们得迅速行动 我们会像你说的 发布联合声明 我认为意思很明确 宾州人对我们很重要 我们不能让他们失望 没错 我会说吉姆对白宫的价值无法估量 但我很敬佩他为他的家乡人民所甘愿作出的牺牲 除非他当选 否则您绝不允许他辞职 这显得您依然信任他 这主意很好 只要我能全身心投入竞选 我就同意	President; Frank; office meeting	A public-message outline defines speed, unity, selective detail, shared ownership, and forward commitment.	Core	Speech	Messaging;Unity;Commitment	Transfer	9	expression	00:45:58.670	00:46:24.020	mutual-decision				A-Core	false	Human-text-reviewed;Timeline-aligned;audio-not-confirmed	SC16	daily	true	true	E0590–E0602
065	Now, should Jim win, we'll need to nominate a Vice President immediately. Linda, you're putting together a list of names? Yes. And you can begin the vetting process as soon as you narrow down the choices. I already have a short list of top contenders. I want your input on that, Jim. More than happy.	如果吉姆当选 我们就得立即提名一位副总统 琳达 你开始拟名单了吗 是的 缩小选择范围以后就可以开始审查了 我已经拟了一份主要竞争者的名单 吉姆 我希望你也提出意见 乐意至极	Frank; President; office meeting	A practical rollout turns a political decision into a candidate list, vetting process, ownership, and outcome.	Core	Exchange	Vetting;Elections;Execution	Transfer	9	expression	00:46:24.030	00:46:36.980	start-vetting-immediately				A-Core	false	Human-text-reviewed;Timeline-aligned;audio-not-confirmed	SC16	daily	true	true	E0603–E0610
066	We can use the existing infrastructure. Are you okay with Nash Aarons? I like Nash, but I'll want to bring in some of my own people. Well, that won't be a problem. Nash is a team player. And we can reallocate some of your existing 2016 reelection funds... Excuse me. Linda.	我们可以利用现有的人员部署 你愿与纳什·埃伦斯合作吗 我喜欢纳什 但我想找点我自己的人 没问题的 纳什擅长团队协作 我们可以重新安排你部分2016年再选资金 抱歉 琳达	Frank; President; office meeting	A candidate case is built from operational readiness, team fit, and a concrete resource move.	Core	Chunk	Operations;Teams;Resources	Transfer	9	expression	00:47:01.170	00:47:14.280	infrastructure-and-team				A-Core	false	Human-text-reviewed;Timeline-aligned;audio-not-confirmed	SC16	daily	true	true	E0613–E0618
067	Peter Russo is dead. Suicide. He was found in his garage with the car still running. I'm so sorry, Frank. May I have a moment, sir? Of course. I will get more information and start drafting a statement. Let's reschedule. Whenever is best for Frank.	彼得·罗素死了 自杀 他被发现死在车库里 汽车没熄火 我很遗憾 弗兰克 我能出去一会儿吗 先生 当然 我再去搜集些信息 草拟一份声明 重新做安排 弗兰克方便的时候再谈	Frank; President; office meeting	A sudden news interruption changes the political situation; retained as a plot-critical archive item.	Recognition	Exchange	News;Turning-Points;Politics	Understand-only	8	expression	00:47:16.450	00:47:39.460	peter-russo-is-dead				Recognition	false	Human-text-reviewed;Timeline-aligned;audio-not-confirmed	SC16	none	true	false	E0619–E0625
068	This is a developing story. Congressman Peter Russo was found dead early this morning in the parking garage of his apartment building in Washington D.C. U.S. Secret Service Agents discovered his body after reports that Russo had been missing since Saturday. His body was transferred to the D.C. Coroner's office where an autopsy is expected to confirm his death as a suicide.	这是一起正在发展的新闻 国会议员彼得·罗素今早被发现死在华盛顿公寓楼下的车库里 据报称罗素从周六起便不见踪影 美国特勤处特工发现了他的尸体 他的尸体被运往华盛顿法医办公室进行验尸并确定是否为自杀身亡	News report; television; aftermath	A clean news-register sample is kept for recognition, while overlapping broadcast cues remain outside active practice.	Recognition	Speech	News;Reports;Passive-Voice	Understand-only	7	expression	00:47:57.210	00:48:18.960	developing-story				Recognition	false	Human-text-reviewed;Timeline-aligned;audio-not-confirmed	SC17	none	true	false	E0626–E0634
069	I find it very difficult to express everything that I'm feeling right now, and I know Claire feels exactly the same. Peter was very special to us. A sort of magnetic presence that electrified everyone he touched.	我简直无法表达此刻心里的感受 我知道克莱尔也是这样 彼得对我们来说很特别 他具有一种磁力 使他接触的每个人都为之振奋	Frank; Claire; public statement	A public statement opens by naming the difficulty of emotion, shared feeling, and the person’s magnetic presence.	Core	Speech	Public-Speaking;Emotion;Gratitude	Transfer	9	expression	00:51:13.990	00:51:28.920	difficult-to-express				A-Core	false	Human-text-reviewed;Timeline-aligned;audio-not-confirmed	SC18	daily	true	true	E0654–E0659
070	Our hearts go out to his children and his mother. To all of those who knew him and worked with him and loved him. We would ask that all of you respect their privacy, and honor their lost. Today is indeed a sad day for the United States' Congress, for the state of Pennsylvania, and for all of us. Thank you very much.	我们对他的孩子和母亲深表同情 也向所有了解他 曾与他共事和爱他的人表达慰问 我们希望各位能尊重他们的隐私 对他们的伤痛给予尊重 今天对于美国国会 对于宾州人民 对于我们所有人 都是沉痛的一天 非常感谢	Frank; Claire; public statement	A ceremonial close turns condolences and privacy into a public statement about shared loss.	Signature	Speech	Public-Speaking;Memory;Trust	Understand-only	9	expression	00:51:38.750	00:51:57.000	honor-that-trust				B-Classic	false	Human-text-reviewed;Timeline-aligned;audio-not-confirmed	SC18	on-demand	true	false	E0663–E0671
